{"cameraMode":{"drawMode":0,"name":"Shaded","section":"Shading Mode"},"sceneLighting":true,"audioPlay":false,"sceneViewState":{"showFog":true,"showMaterialUpdate":false,"showSkybox":true,"showFlares":true,"showImageEffects":true,"showParticleSystems":true},"in2DMode":false,"pivot":{"x":-0.04118615388870239,"y":-1.449087381362915,"z":-3.008237361907959},"rotation":{"x":-0.012307167053222657,"y":0.018594762310385705,"z":-0.00022885337239131331,"w":-0.9997518062591553},"size":12.6489896774292,"orthographic":false}